<?xml version="1.0" encoding="UTF-8"?>

<!-- For assistance related to logback-translator or configuration  -->
<!-- files in general, please contact the logback user mailing list -->
<!-- at http://www.qos.ch/mailman/listinfo/logback-user             -->
<!--                                                                -->
<!-- For professional support please see                            -->
<!--    http://www.qos.ch/shop/products/professionalSupport         -->
<!--                                                                -->
<configuration>
  <appender name="stdout" class="ch.qos.logback.core.ConsoleAppender">
    <encoder>
      <pattern>%d [%t %X{uid} - %X{requestid}] %-5p %c - %m%n</pattern>
    </encoder>
  </appender>
  <appender name="R" class="ch.qos.logback.core.rolling.RollingFileAppender">
    <!--See also http://logback.qos.ch/manual/appenders.html#RollingFileAppender-->
    <File>/var/skycall/logs/AGI/agi.log</File>
    <encoder>
      <pattern>%d [%t %X{uid} - %X{requestid}] %-5p %c - %m%n</pattern>
    </encoder>
    <rollingPolicy class="ch.qos.logback.core.rolling.FixedWindowRollingPolicy">
      <maxIndex>1</maxIndex>
      <FileNamePattern>c:/logs/agi.log.%i</FileNamePattern>
    </rollingPolicy>
    <triggeringPolicy class="ch.qos.logback.core.rolling.SizeBasedTriggeringPolicy">
      <MaxFileSize>50000KB</MaxFileSize>
    </triggeringPolicy>
  </appender>
  <root level="DEBUG">
    <appender-ref ref="stdout"/>
    <appender-ref ref="R"/>
  </root>
</configuration>